0,0,1,2,3,4,5,6,7,8,9,10,11,12,13,14,15,16,17,18,19,20,21,22,23,24,25,26,27,28,29,30,31,32,33,34,35,36,37,38,39,40,41,42,43,44,45,46,47,48,49,50,51,52,53,54,55,56,57,58,59,60,61,62,63,64,65,66,67,68,69,70,71,72,73,74,75,76,77,78,79,80,81,82,83,84,85,86,87,88,89,90,91,92,93,94,95,96,97,98
0,0,41535,56251,91226,71890,28623,67132,27244,17111,51750,29202,64203,12149,79179,46101,55496,8085,47806,56871,74999,40024,17356,99114,30499,34976,20988,69180,46786,77642,18792,18941,43917,63396,100158,55559,30789,48737,43496,73093,30728,53713,97372,53585,52811,72128,10393,18234,12196,52643,55736,26564,71043,33477,104913,20765,11066,37905,61348,53907,35650,92287,86386,31928,22767,74093,47704,67808,117631,39292,6423,49634,44998,37624,23585,82885,4621,43299,30149,23564,39096,70519,15593,36315,60718,25548,49744,10416,48925,28464,84553,51632,5408,54140,42727,9153,47898,57806,68052,93699
1,41535,0,19290,49698,113274,26659,33748,14792,46331,33150,22444,23981,29589,39851,6718,96905,38019,7290,15611,115215,33131,42091,62063,17761,8878,60851,30668,11806,42115,22985,24212,36960,22517,59072,30053,10770,30109,21484,31689,51104,12298,55865,15779,12402,34918,51870,30931,31971,16796,15481,14977,112550,8422,63379,54448,33002,4195,32864,36681,18858,50859,44866,20412,36334,114941,28130,26357,76598,27630,35281,13842,4091,10440,18284,42272,43075,9933,12520,23304,4324,29618,25953,15470,21493,30407,20372,41440,15512,30821,43045,10537,46869,19149,3910,32451,6402,29566,37716,54104
2,56251,19290,0,39121,127781,45904,14693,29557,55989,49690,29418,25752,45386,23016,12579,109922,54566,19574,11235,131200,31505,60196,43563,36981,21745,73021,12945,9511,22938,37732,41584,55519,11613,45249,44541,27972,22267,17745,21408,56112,16361,46249,3538,20293,16193,66025,49151,44807,3662,7322,31486,126588,24259,52655,64229,49736,23283,45185,26724,22659,42434,35800,39702,55187,130329,45203,21698,68787,26510,50609,27297,15365,29559,33102,27653,58785,13024,26501,41921,18913,27290,41540,34585,5880,37125,35477,58458,7696,50066,32515,11397,61197,3320,21672,47823,16485,14334,19485,37503
3,91226,49698,39121,0,162939,71827,39711,64176,94104,61845,67694,29826,79274,21865,45581,146488,87446,43888,34519,164363,70393,90033,33999,64361,56832,110065,28855,46840,33862,72566,73526,72873,28693,13037,53825,60463,60081,56852,18408,95207,37675,7294,40217,39362,30569,101539,79168,81143,42470,36420,64676,162248,57821,13791,102389,82428,53464,49790,62630,61275,6233,5650,65320,82835,164384,60148,23788,30059,65587,84977,45136,46288,55695,67793,14488,92702,49832,61479,71335,52323,23046,75651,59282,33308,75747,50339,90556,46506,75514,6765,39752,96543,42341,48914,82149,43371,48858,45128,20199
4,71890,113274,127781,162939,0,94138,137335,99135,74180,114113,99116,134956,83685,150794,117991,21102,75634,119174,128726,15494,105188,75129,169646,99723,106838,55824,140722,118426,148107,90682,89525,102500,135286,172048,120523,102504,116197,113213,144929,81765,125285,168882,125294,123981,143290,61804,84865,82974,124131,127620,98313,4438,105348,176540,67019,80619,109477,126664,119554,105982,163654,157961,99788,83480,9028,111962,139321,188315,106828,78015,119677,116844,107982,95476,154742,70241,114983,102023,92443,110983,141547,87363,105390,132488,92785,117675,72923,120255,91547,156315,123496,66716,125427,114104,80854,119570,127119,137120,165281
5,28623,26659,45904,71827,94138,0,60133,21886,42443,23127,33489,42259,19205,65861,33333,80899,21177,29262,40887,93526,48150,19041,88515,8928,26777,49373,57135,37525,68774,20740,13057,16896,47935,82874,27425,19629,50879,42501,55484,53407,35544,76832,42418,32850,61536,37783,10501,27496,43163,41773,18416,94229,23354,84733,48462,17629,22622,33442,57567,35710,71328,66390,6627,11082,94270,19224,48248,94700,44150,23111,26735,30702,17040,20886,67244,27148,34562,23935,7455,27472,49086,18905,12652,47962,37124,23550,22131,41049,4162,65705,36509,33440,45426,25067,21563,31167,54404,63553,79703
6,67132,33748,14693,39711,137335,60133,0,41963,63695,64173,38334,37114,57310,18399,27047,118499,66649,34186,24361,141936,34550,73255,32313,51213,34564,81697,11836,22682,10818,49494,54519,70211,20760,41454,58649,41408,23007,24121,26272,60707,30279,46944,18210,34314,9186,76244,62443,55108,16988,21102,44442,135780,37564,51686,71606,62061,37578,58703,23651,31577,44652,38347,54101,68913,140576,59795,30725,69553,31221,62062,41669,29950,44129,45227,25510,70223,25905,38947,55600,32723,36355,53517,49166,15779,44675,49872,70767,19379,64280,34222,25909,71671,14707,36334,59408,31149,10870,6177,30488
7,27244,14792,29557,64176,99135,21886,41963,0,31837,38358,12236,38579,15857,52208,18856,82312,25011,21753,29701,101840,26606,31352,73023,14824,7848,46080,42341,20059,51902,8453,12681,37299,36153,72913,38263,5255,29174,21139,45930,38199,27081,70506,26631,26935,45707,37435,20847,17179,26081,28497,3484,98243,6397,77922,39836,20224,11927,42693,35788,13881,65578,59492,18413,27957,101209,33152,41094,91389,22309,21257,26001,17891,15443,3659,55667,29359,16553,3061,15242,11880,44392,12019,17772,33630,18245,29557,28959,22761,25488,57462,24456,32463,27881,16943,18428,21176,34313,44191,66717
8,17111,46331,55989,94104,74180,42443,63695,31837,0,64979,26585,70299,23263,78673,48818,54834,24646,53494,59887,80547,31077,34435,95935,41337,37901,18397,68606,47356,74513,25050,30087,58929,65421,101232,67321,36845,42027,39751,75705,13861,58400,100842,54168,58672,70434,18086,33063,15754,52365,57685,33059,72338,37973,107880,8285,25625,43764,72591,45528,33346,96245,89888,43823,39023,78287,60347,72057,122443,32738,19987,57622,48780,46185,28850,83636,21474,44274,33812,35816,42707,75849,24495,46604,61371,19107,59908,27521,48293,43380,87341,54806,16528,53191,48773,20947,52548,53197,63051,92867
9,51750,33150,49690,61845,114113,23127,64173,38358,64979,0,50468,33299,41797,63246,38760,102606,44200,30161,40278,111535,64116,40053,86376,24353,38932,72432,57053,44607,70044,41168,34901,12285,46073,74425,8102,33696,63069,54323,49665,74839,34111,65070,46341,30107,62169,60730,33571,49481,48415,43113,35310,114683,35875,72884,71399,40745,31154,13497,69732,49891,59471,56202,21333,31569,113154,5248,41323,79101,59073,46156,22528,35745,24183,39282,62024,50103,43083,38827,29167,36575,39386,40627,20625,48956,56318,14349,44628,48233,23912,57000,38308,56514,50777,29461,44406,33344,62214,69165,74964
10,29202,22444,29418,67694,99116,33489,38334,12236,26585,50468,0,45818,21387,52225,23096,80722,30344,29662,33893,103644,14669,38964,70593,27028,13607,43788,42130,20857,49041,14367,22068,49418,39008,74651,49844,16810,20023,14352,49341,28843,33412,74543,27608,34591,44269,37935,30045,17013,25785,31351,15584,97693,15448,81441,34846,26620,21451,53833,25966,6889,70121,63662,30596,37654,102243,45238,46353,96472,11302,24926,35808,23763,26884,12615,57055,32769,17957,11765,26313,18212,50662,18210,29843,34792,8243,40705,34697,21722,36735,60943,29051,33453,26692,25832,22636,27900,28641,38881,66544
11,64203,23981,25752,29826,134956,42259,37114,38579,70299,33299,45818,0,52054,30831,23095,119665,59376,16826,14728,135459,53792,60848,53551,35354,32661,84283,26947,27558,39722,46370,45603,43488,16370,41715,25747,33919,46886,40044,16541,74661,12485,34573,23948,11644,32054,74591,50292,55655,26955,18714,38068,134585,32332,42477,78385,54445,26744,23495,52138,40885,29081,24269,35882,53329,135831,30831,8218,53477,48229,57793,15546,22055,26975,41880,28793,64991,28969,36489,42567,27833,6837,48763,29930,21716,53995,20642,62068,29559,45825,24191,17698,69610,28537,21730,55059,17957,40053,43117,41702
12,12149,29589,45386,79274,83685,19205,57310,15857,23263,41797,21387,52054,0,68061,34531,67633,9345,35698,45074,86012,34871,17647,88758,18916,23706,32701,58198,35876,67500,7817,7197,35879,51747,88497,44658,18818,41371,34736,61253,34494,41672,85333,42489,40677,61498,22538,10730,8651,41872,44198,14634,82984,21783,92919,29680,5244,25848,50220,47336,26751,80208,74365,20905,18025,85488,37299,55756,105488,32578,5748,37555,33195,25550,12283,71386,13561,32364,18896,12656,27460,58382,3846,24613,49469,21208,38127,13561,38405,20511,72633,39862,17557,43585,30615,3032,35904,48812,58964,82565
13,79179,39851,23016,21865,150794,65861,18399,52208,78673,63246,52225,30831,68061,0,33810,132884,77090,36740,25004,154036,51637,81918,23217,57224,44362,95962,10105,32401,12280,60534,63684,71956,18036,23370,56201,49920,40494,39268,14712,77486,30746,28925,25606,34217,9297,89024,70761,67820,26672,24372,53768,149603,46462,33300,86850,72166,44045,54326,41958,45369,27375,21687,59291,76068,153273,59914,22658,51312,47512,73420,41811,35793,48825,55824,7378,81560,35880,49190,63153,40830,26817,64227,53485,18622,59629,49329,80821,30613,69955,17389,29459,84177,25537,40815,70608,34699,28551,23405,14520
14,46101,6718,12579,45581,117991,33333,27047,18856,48818,38760,23096,23095,34531,33810,0,101011,43382,9350,11101,120519,30993,48194,55634,24415,11267,64486,24315,5969,35453,27309,29874,43422,17299,54056,34748,16111,25837,17814,27219,51840,10623,52131,9084,12867,28369,56269,37060,35583,10145,9666,20029,117083,12757,59367,57076,38420,10725,36683,32060,17797,47438,41137,27128,42794,120008,33931,23316,73636,25391,40065,17513,3043,17088,22515,36855,48091,5980,16004,29614,7078,27581,30746,22126,15226,31340,25156,47036,9488,37496,38829,5998,51308,12523,9528,37226,6301,23467,31155,48225
15,55496,96905,109922,146488,21102,80899,118499,82312,54834,102606,80722,119665,67633,132884,101011,0,60689,103298,111993,33113,85469,62571,150764,85168,89747,36934,122779,100787,129315,73942,74132,91872,118250,154821,108164,86218,96732,94462,128209,61231,109148,152769,107692,108307,124972,45105,70843,65460,106260,110488,81988,18165,88676,160231,47191,65436,93374,114257,99666,87609,147741,141764,85838,71082,28136,99706,123243,173119,87553,61886,104857,100202,92894,78702,137319,54837,97440,85033,77899,94171,126014,71057,90989,114942,73830,103984,58831,102275,78985,139769,106750,50104,107358,98221,64650,103297,108032,117846,147257
16,8085,38019,54566,87446,75634,21177,66649,25011,24646,44200,30344,59376,9345,77090,43382,60689,0,43586,53622,77206,43084,10204,98017,24480,32828,28232,67306,45070,76806,17161,13921,35926,60440,97090,48491,27365,50366,43996,69674,37815,49773,93273,51590,48349,70717,16617,10677,14851,51089,53023,23352,75208,30644,100970,28843,5022,34056,54416,56133,36002,88023,82384,25292,14687,76962,40397,63742,112822,41328,5977,44274,41812,32417,21523,80162,6012,41563,28070,17212,36309,65924,13137,30300,58471,28828,43408,4363,47687,20592,80888,48475,12331,52850,38536,7727,44172,58126,68293,91566
17,47806,7290,19574,43888,119174,29262,34186,21753,53494,30161,29662,16826,35698,36740,9350,103298,43586,0,11750,120502,39585,46458,59677,20943,16154,67587,28594,15286,41073,29641,29667,36296,18726,54079,25563,17188,35159,26962,26527,58381,6369,49708,16184,5183,33395,58194,35431,38857,18303,13484,21388,118609,15521,57384,61562,38576,9985,27333,41411,25622,44524,38798,22646,39830,120498,25628,20156,69895,34003,41444,8205,6809,12279,25085,38015,48953,14945,19703,27595,11450,22775,32247,16756,19689,37679,16120,46671,18642,33300,37399,8307,53194,20644,5084,38656,3232,32294,39019,50444
18,56871,15611,11235,34519,128726,40887,24361,29701,59887,40278,33893,14728,45074,25004,11101,111993,53622,11750,0,130824,39830,57480,47936,32347,22318,75552,17045,13713,29850,38128,39821,47642,7066,43469,34358,26298,32246,25859,16230,62369,6194,41030,9222,10170,22026,67125,46342,46624,12233,3999,30441,127912,23395,48295,68153,48609,19678,34387,37410,28037,36358,30036,34300,51248,130514,36254,12569,62619,34375,50713,17830,11882,23846,33338,26733,58607,15999,26964,38590,17825,17485,41364,28481,8718,42114,25933,57045,15082,44965,27781,5245,62142,13839,15923,47873,9809,25557,29922,38872
19,74999,115215,131200,164363,15494,93526,141936,101840,80547,111535,103644,135459,86012,154036,120519,33113,77206,120502,130824,0,111503,74637,174063,100150,109680,62335,144101,121706,152549,93505,91026,99469,137643,174285,118542,104568,121960,117977,146821,89966,126790,169888,128434,125025,147127,65708,85243,86849,127612,130180,100511,19905,107761,177701,74294,82216,111210,124620,125986,110358,164491,159152,99656,82501,6550,110059,140578,188220,112427,80618,119945,119018,108728,98215,157350,72481,118202,104848,93056,113441,142212,89831,105539,135471,98169,116923,73852,123922,90427,157901,125682,70276,129138,115525,83428,121305,132187,142370,168552
20,40024,33131,31505,70393,105188,48150,34550,26606,31077,64116,14669,53792,34871,51637,30993,85469,43084,39585,39830,111503,0,52469,66046,41410,25415,49472,42175,26271,45150,28649,36575,63906,42911,74979,62590,30578,11613,14021,52913,26163,41495,77602,31322,43803,42595,46809,44349,28427,28556,36306,30054,103220,28266,83674,38287,40070,33561,65912,14483,14425,73929,67291,45009,51997,109356,58868,52182,100239,5604,37232,46967,32862,40020,27285,57778,44236,25012,25443,40980,28889,57314,32187,43622,37384,14488,53076,47415,24915,51399,63900,36095,43133,28201,36976,35448,37025,23680,32745,64907
21,17356,42091,60196,90033,75129,19041,73255,31352,34435,40053,38964,60848,17647,81918,48194,62571,10204,46458,57480,74637,52469,0,103725,25672,38727,34549,72504,50913,82958,24825,18736,29870,64507,100537,45717,32232,58856,51809,72984,47862,52823,95350,56961,50692,76361,22680,11159,24754,56934,57551,28839,75305,35948,103203,37668,12411,37911,51845,64931,43917,89912,84716,25019,8516,75252,37202,66269,113667,50204,16058,45317,46129,34359,28342,84209,13387,47500,34329,18902,41342,67626,20806,30918,63411,38507,42590,6963,53930,16518,83709,52591,19890,58919,41675,17178,47704,65545,75519,96194
22,99114,62063,43563,33999,169646,88515,32313,73023,95935,86376,70593,53551,88758,23217,55634,150764,98017,59677,47936,174063,66046,103725,0,79733,65268,113999,31402,52988,21551,81004,85147,95167,41120,24882,79185,71495,54459,56433,37027,92068,53844,38232,46764,57400,27373,108434,92638,87220,46951,46742,75049,168089,67817,37649,103761,93243,66238,76933,53120,63780,40134,37402,82019,98392,172819,83121,45337,55394,63289,93788,65020,57973,71552,76497,25208,101980,56480,69962,85249,62385,48684,84918,76338,40584,76966,72535,101975,50358,92648,33977,52013,103791,45173,63467,91057,57416,42763,33320,13843
23,30499,17761,36981,64361,99723,8928,51213,14824,41337,24353,27028,35354,18916,57224,24415,85168,24480,20943,32347,100150,41410,25672,79733,0,18317,51428,48334,28633,59865,16867,11724,22522,39413,74960,25984,11370,42896,34319,47435,50536,27306,69741,33500,25024,52670,40599,14937,25609,34238,33004,11449,99489,14850,77571,48359,19800,13697,31371,49646,28072,64343,59058,3608,18910,100477,19360,40598,88592,36931,24209,19956,21824,8711,15076,58927,30360,25738,16205,7301,18597,42072,16865,5841,39152,32138,19260,26801,32188,13087,58045,27787,35800,36507,16428,21864,22552,45692,54704,71219
24,34976,8878,21745,56832,106838,26777,34564,7848,37901,38932,13607,32661,23706,44362,11267,89747,32828,16154,22318,109680,25415,38727,65268,18317,0,53234,34496,12280,44267,16213,20001,40297,28524,65234,37184,7171,24785,16086,38484,42228,20523,63324,18784,21200,37922,45067,27881,24318,18320,20798,9888,105877,3467,70612,46107,27990,8182,40708,31552,11018,58542,52315,21775,34516,109011,33705,34198,84605,20188,29078,22266,10879,14749,11466,47910,37200,8804,4838,21272,4836,37972,19867,18867,25795,21529,27727,36716,15206,30760,50085,17109,40126,20214,12238,26256,14732,27736,37245,58873
25,20988,60851,73021,110065,55824,49373,81697,46080,18397,72432,43788,84283,32701,95962,64486,36934,28232,67587,75552,62335,49472,34549,113999,51428,53234,0,85857,63956,92501,37946,39768,63766,81614,118033,76511,50400,60377,57607,91700,28317,73149,116527,70859,72714,88045,11929,38879,28946,69361,73835,46220,54099,52478,123847,12175,32011,57602,82328,63912,50676,111650,105512,52916,41998,59916,68560,87174,137435,51008,27219,70186,63904,58206,42572,100492,22386,60653,48637,44551,57807,90354,35632,57217,78112,37038,70688,28378,65361,48738,103316,70333,15933,70430,62578,29679,67248,71355,81311,110324
26,69180,30668,12945,28855,140722,57135,11836,42341,68606,57053,42130,26947,58198,10105,24315,122779,67306,28594,17045,144101,42175,72504,31402,48334,34496,85857,0,22399,13057,50602,54075,64687,11093,32963,50662,40334,31403,29371,14459,67766,23204,36149,15716,27070,5186,78971,61375,57749,16590,15373,44062,139511,36765,41664,76799,62422,34849,49782,33788,35282,33334,26867,50669,67003,143267,53211,19708,58911,37791,63489,34788,26577,40221,45929,15603,71651,25899,39303,53902,31206,25119,54355,45073,9182,49590,42771,71116,20510,61276,22891,20676,74142,15437,32123,60690,26134,20004,17938,24559
27,46786,11806,9511,46840,118426,37525,22682,20059,47356,44607,20857,27558,35876,32401,5969,100787,45070,15286,13713,121706,26271,50913,52988,28633,12280,63956,22399,0,32046,28223,32227,48755,18166,54081,40716,18799,20066,12510,28510,48841,15470,53720,6905,18362,25650,56635,39951,35477,6041,10626,22106,117299,14993,60583,55637,40261,15183,42604,26157,14540,49404,42890,31663,46259,120877,39710,26255,75811,20748,41104,23472,8889,22170,23592,36538,49277,3512,17000,32946,10059,31154,32030,27156,14157,28928,31113,48990,3705,41657,40092,9878,51777,8043,15191,38314,12154,17768,26118,46917
28,77642,42115,22938,33862,148107,68774,10818,51902,74513,70044,49041,39722,67500,12280,35453,129315,76806,41073,29850,152549,45150,82958,21551,59865,44267,92501,13057,32046,0,59708,64259,77348,24149,32797,63717,50805,33547,34905,25297,71308,36044,40703,26373,39983,7886,86896,71983,65700,26036,27599,54137,146576,47029,44209,82418,72112,46179,62785,33294,42233,39560,33968,62479,78120,151271,66104,32068,62599,42004,72415,47676,38093,52170,55295,19474,80600,35469,48849,64841,41819,37079,63675,57138,21390,55487,55730,80844,29141,72937,29670,32879,82273,24052,44116,69715,38366,21533,13250,20704
29,18792,22985,37732,72566,90682,20740,49494,8453,25050,41168,14367,46370,7817,60534,27309,73942,17161,29641,38128,93505,28649,24825,81004,16867,16213,37946,50602,28223,59708,0,8066,37511,44606,81366,42616,12458,34055,27070,54358,33676,35268,78832,34929,34776,53789,28997,15718,9473,34182,36945,8318,89796,14746,86294,32640,12761,19657,47685,40241,19124,73845,67824,19880,23357,92798,36224,49342,99503,25668,12887,32795,26282,21158,4796,64104,21053,24713,11376,13284,20321,52408,4090,21721,42001,16424,34882,21342,30646,23357,65865,32883,24017,35840,24645,10091,29387,41052,51179,75052
30,18941,24212,41584,73526,89525,13057,54519,12681,30087,34901,22068,45603,7197,63684,29874,74132,13921,29667,39821,91026,36575,18736,85147,11724,20001,39768,54075,32227,64259,8066,0,29953,46710,83263,37494,13764,41176,33571,55801,40431,35855,79363,38426,34461,57774,29208,8243,14645,38261,39430,10122,89031,17335,87051,36794,8910,20183,43027,47580,25904,74130,68465,13785,15671,90870,30272,49823,99080,33278,12566,30755,28096,18766,10013,66461,19389,28790,15612,5816,22875,52085,5874,17459,45081,24431,30960,17230,35198,15348,66975,34725,24311,40209,24615,10142,30286,46986,56868,78089
31,43917,36960,55519,72873,102500,16896,70211,37299,58929,12285,49418,43488,35879,71956,43422,91872,35926,36296,47642,99469,63906,29870,95167,22522,40297,63766,64687,48755,77348,37511,29953,0,54138,85148,20063,33735,65080,56374,59263,70260,41515,76555,52003,37800,69611,51855,25968,44324,53547,49779,33863,103241,36878,84435,64428,33473,33810,25761,71848,50530,70935,67226,18914,21803,101247,12724,51093,91276,59448,39137,30147,40413,26616,37056,71629,41462,46478,38701,24274,39359,49992,35799,21742,55958,53774,22965,35410,52459,15584,67624,44570,48128,55934,33939,37987,39151,66473,74575,84557
32,63396,22517,11613,28693,135286,47935,20760,36153,65421,46073,39008,16370,51747,18036,17299,118250,60440,18726,7066,137643,42911,64507,41120,39413,28524,81614,11093,18166,24149,44606,46710,54138,0,36766,39578,33075,33873,28965,10347,66830,12726,35556,11751,16340,16276,73566,53360,52791,14361,7780,37152,134382,29973,42459,73706,55440,26643,38741,38076,32664,31335,24770,41338,58315,137234,42377,10473,57761,37738,57327,24035,18629,30897,39810,19754,65305,21147,33297,45627,24313,16199,47991,35482,6080,47093,31860,63940,18197,52002,21936,11985,68607,14912,22989,54486,16873,24926,26809,31806
33,100158,59072,45249,13037,172048,82874,41454,72913,101232,74425,74651,41715,88497,23370,54056,154821,97090,54079,43469,174285,74979,100537,24882,74960,65234,118033,32963,54081,32797,81366,83263,85148,36766,0,66476,69761,63863,62327,27556,100720,47714,14198,47184,50039,32589,110300,89491,89389,48867,44436,73881,171110,66736,12865,109478,92075,63083,62656,65105,67908,17809,18459,76278,93733,173972,72444,34702,31153,70737,94092,56501,55318,66250,76572,17597,102049,57388,70034,81663,61079,35162,84752,70228,39934,82354,62357,100469,52941,86715,17528,48646,105353,48141,58915,91251,53014,51882,45736,13112
34,55559,30053,44541,53825,120523,27425,58649,38263,67321,8102,49844,25747,44658,56201,34748,108164,48491,25563,34358,118542,62590,45717,79185,25984,37184,76511,50662,40716,63717,42616,37494,20063,39578,66476,0,33176,60112,51535,42258,76031,28372,56971,41383,24343,55834,65103,37843,51583,43752,37579,35658,120902,34552,64782,74280,44504,29029,6142,66594,48168,51375,48189,23769,37218,119926,8560,33903,71217,57271,49571,17397,31878,22967,39900,54541,54495,39759,38088,32131,33986,31569,42845,20929,43070,56509,9686,49534,44175,29210,49110,33202,60608,46038,26156,47490,28791,57827,63965,67439
35,30789,10770,27972,60463,102504,19629,41408,5255,36845,33696,16810,33919,18818,49920,16111,86218,27365,17188,26298,104568,30578,32232,71495,11370,7171,50400,40334,18799,50805,12458,13764,33735,33075,69761,33176,0,31526,22977,42444,43452,22932,66584,24733,22318,44129,41145,21184,21767,24771,25694,4229,101785,3858,74130,44736,22371,7202,37489,38276,16802,61522,55597,14928,27514,104216,28456,37029,87071,25819,24513,20828,14451,10253,8030,52799,32318,15503,5145,14211,9128,39961,15197,13089,31318,23390,24340,30939,22041,23592,53815,21120,36142,26841,12189,21686,17110,34897,44321,64332
36,48737,30109,22267,60081,116197,50879,23007,29174,42027,63069,20023,46886,41371,40494,25837,96732,50366,35159,32246,121960,11613,58856,54459,42896,24785,60377,31403,20066,33547,34055,41176,65080,33873,63863,60112,31526,0,8773,43316,37761,35352,67356,23091,38422,31316,56600,49385,36605,20089,28359,32557,114356,28204,73067,49555,46586,31965,62460,6767,15331,64043,57417,46437,56826,120070,57932,43868,90104,9560,44883,43223,28435,39144,31180,46927,52564,20375,26943,44415,26493,49348,38049,43579,27951,23821,50426,54720,17393,54616,53784,29633,52507,19005,33975,42652,32133,12151,21197,53452
37,43496,21484,17745,56852,113213,42501,24121,21139,39751,54323,14352,40044,34736,39268,17814,94462,43996,26962,25859,117977,14021,51809,56433,34319,16086,57607,29371,12510,34905,27070,33571,56374,28965,62327,51535,22977,8773,0,39080,38490,27960,63993,17313,30651,30739,52270,41813,31334,14606,22288,24390,111672,19533,70323,47800,39821,23199,54108,15517,7994,60139,53514,37826,49071,116508,49174,38164,86519,8783,38901,34870,20160,30370,23588,44846,46912,12019,18646,36309,17753,43331,31155,34822,23608,20652,41851,48284,10893,46337,50260,22387,47806,14511,25379,36424,24083,14309,24555,53230
38,73093,31689,21408,18408,144929,55484,26272,45930,75705,49665,49341,16541,61253,14712,27219,128209,69674,26527,16230,146821,52913,72984,37027,47435,38484,91700,14459,28510,25297,54358,55801,59263,10347,27556,42258,42444,43316,39080,0,77142,20160,25210,22040,22652,18598,83355,61936,62802,24502,18021,46619,144137,39622,32197,83989,64653,35621,39918,46848,43010,21066,14460,48866,66258,146623,46814,8357,47477,47863,66914,29574,28095,38731,49568,12387,74762,31441,43175,54107,34052,12111,57567,42834,15533,57438,36312,72975,28443,59397,11642,21475,78371,24719,31366,64075,25516,33181,32396,25339
39,30728,51104,56112,95207,81765,53407,60707,38199,13861,74839,28843,74661,34494,77486,51840,61231,37815,58381,62369,89966,26163,47862,92068,50536,42228,28317,67766,48841,71308,33676,40431,70260,66830,100720,76031,43452,37761,38490,77142,0,62247,102270,55101,63384,68589,31485,45031,25940,52739,59465,40436,79327,43397,108766,16180,37923,49517,80776,39304,34339,98165,91595,53523,51652,86955,69896,74923,124590,29983,32552,63946,52606,53581,36152,83309,35209,46382,39241,46232,46967,79418,34557,55117,61899,20704,67694,41047,48723,55004,88546,57725,30371,52953,54246,32813,56734,49839,58750,90997
40,53713,12298,16361,37675,125285,35544,30279,27081,58400,34111,33412,12485,41672,30746,10623,109148,49773,6369,6194,126790,41495,52823,53844,27306,20523,73149,23204,15470,36044,35268,35855,41515,12726,47714,28372,22932,35352,27960,20160,62247,0,43663,13522,4037,28214,64077,41783,44259,16277,9219,27162,124651,20693,51259,66576,44754,15825,28826,41085,28402,38593,32694,28918,46180,126724,30060,14096,64308,35906,47401,11637,9701,18625,30581,31700,55044,16545,24692,33951,15697,17450,38120,22958,14845,41622,19762,52941,17998,39546,31125,5732,59073,18334,11265,44588,5906,30307,35636,44224
41,97372,55865,46249,7294,168882,76832,46944,70506,100842,65070,74543,34573,85333,28925,52131,152769,93273,49708,41030,169888,77602,95350,38232,69741,63324,116527,36149,53720,40703,78832,79363,76555,35556,14198,56971,66584,67356,63993,25210,102270,43663,0,47200,44947,37781,107727,84646,87581,49538,43198,70812,168301,64119,7934,109121,88272,59485,52386,69923,68215,5621,11015,70437,87901,170092,63889,29578,22766,72746,91064,50110,52631,61171,74088,21564,98659,56619,67891,76848,58719,27750,81779,64453,40404,82649,54562,96230,53547,80375,13734,46215,102724,49494,54782,88251,49480,56152,52283,24938
42,53585,15779,3538,40217,125294,42418,18210,26631,54168,46341,27608,23948,42489,25606,9084,107692,51590,16184,9222,128434,31322,56961,46764,33500,18784,70859,15716,6905,26373,34929,38426,52003,11751,47184,41383,24733,23091,17313,22040,55101,13522,47200,0,17316,19411,63494,45878,42366,3014,5273,28373,124189,21093,53907,62442,46712,19808,42282,28190,21067,43078,36496,36187,51802,127677,41792,20957,69502,26053,47816,24052,11831,26023,30231,29633,55964,10310,23600,38565,15621,26311,38649,31047,7253,35561,32195,55413,6459,46580,33503,8184,58618,4816,18137,45008,13045,16785,22836,40126
43,52811,12402,20293,39362,123981,32850,34314,26935,58672,30107,34591,11644,40677,34217,12867,108307,48349,5183,10170,125025,43803,50692,57400,25024,21200,72714,27070,18362,39983,34776,34461,37800,16340,50039,24343,22318,38422,30651,22652,63384,4037,44947,17316,0,32129,63204,39807,44024,19945,13236,26496,123483,20699,52700,66745,43362,15124,24967,44369,30178,39673,34131,26242,43698,125150,26140,15579,64830,38199,46426,7721,11057,16337,30250,34624,53820,18822,24872,31976,16418,17707,37290,20198,18863,42681,15764,51288,21253,36745,33021,9222,58209,22097,10137,43657,6829,34057,39640,47346
44,72128,34918,16193,30569,143290,61536,9186,45707,70434,62169,44269,32054,61498,9297,28369,124972,70717,33395,22026,147127,42595,76361,27373,52670,37922,88045,5186,25650,7886,53789,57774,69611,16276,32589,55834,44129,31316,30739,18598,68589,28214,37781,19411,32129,0,81702,65288,60435,19628,19985,47680,141942,40444,42524,78528,65910,39053,54965,32663,37379,35644,29466,55147,71164,146101,58264,24629,60369,38692,66632,39834,30846,44755,49218,16324,74822,29154,42647,57959,35030,29883,57653,49674,13729,51328,47864,74638,23205,65692,25267,25300,76953,17989,36664,63870,30791,19292,14653,22504
45,10393,51870,66025,101539,61804,37783,76244,37435,18086,60730,37935,74591,22538,89024,56269,45105,16617,58194,67125,65708,46809,22680,108434,40599,45067,11929,78971,56635,86896,28997,29208,51855,73566,110300,65103,41145,56600,52270,83355,31485,64077,107727,63494,63204,81702,0,27290,21266,62386,65864,36916,60815,43736,115245,17130,20838,48281,71010,61161,44671,102660,96734,41753,30074,64411,57007,78173,128024,47040,16798,59955,55272,47951,33789,92948,10637,53184,40270,33489,49314,80912,25961,46437,70683,32806,59765,16453,58561,36931,94849,61881,5003,63758,53117,19546,58247,66500,76705,103527
46,18234,30931,49151,79168,84865,10501,62443,20847,33063,33571,30045,50292,10730,70761,37060,70843,10677,35431,46342,85243,44349,11159,92638,14937,27881,38879,61375,39951,71983,15718,8243,25968,53360,89491,37843,21184,49385,41813,61936,45031,41783,84646,45878,39807,65288,27290,0,19363,45947,46392,18030,84723,24958,92458,38485,7505,26752,43801,55746,34136,79265,73917,15028,7650,85540,29719,55381,103479,41324,13172,34866,34970,23488,18251,73075,16661,36584,23703,7840,30258,57003,12283,20526,52268,31431,33153,12054,43072,10385,72777,41435,22950,47983,30585,12251,36581,55157,64973,85035
47,12196,31971,44807,81143,82974,27496,55108,17179,15754,49481,17013,55655,8651,67820,35583,65460,14851,38857,46624,86849,28427,24754,87220,25609,24318,28946,57749,35477,65700,9473,14645,44324,52791,89389,51583,21767,36605,31334,62802,25940,44259,87581,42366,44024,60435,21266,19363,0,41158,45028,17733,81822,23566,94918,23176,12906,28912,56838,41950,23550,82710,76565,28206,26488,85672,44741,58248,108567,27229,8891,42266,34958,30606,13775,71935,15986,32066,19690,20458,28861,61559,8854,30852,49593,14027,44190,19101,37306,29095,74400,41397,16572,42497,33933,7690,38353,45640,55884,82308
48,52643,16796,3662,42470,124131,43163,16988,26081,52365,48415,25785,26955,41872,26672,10145,106260,51089,18303,12233,127612,28556,56934,46951,34238,18320,69361,16590,6041,26036,34182,38261,53547,14361,48867,43752,24771,20089,14606,24502,52739,16277,49538,3014,19945,19628,62386,45947,41158,0,8287,28142,122930,20994,56076,60613,46294,20590,44889,25189,19060,45568,38955,37114,52158,126709,43741,23879,71972,23386,47046,26361,13134,27218,29591,31270,55229,9530,23020,38854,15849,29283,38027,32255,9172,33549,34417,55025,4087,47315,35809,10725,57568,2391,19612,44270,15087,14131,21032,41149
49,55736,15481,7322,36420,127620,41773,21102,28497,57685,43113,31351,18714,44198,24372,9666,110488,53023,13484,3999,130180,36306,57551,46742,33004,20798,73835,15373,10626,27599,36945,39430,49779,7780,44436,37579,25694,28359,22288,18021,59465,9219,43198,5273,13236,19985,65864,46392,45028,8287,0,29676,126675,22421,50202,65969,48048,19675,37964,33431,25163,38799,32313,35296,51761,129673,38851,15876,65194,30932,49726,20588,11422,24849,32156,27189,57758,13422,25598,38785,16741,21110,40411,29720,6258,39493,28787,56632,11409,45910,29656,5319,60917,9839,16750,46888,10807,21599,26417,38678
50,26564,14977,31486,64676,98313,18416,44442,3484,33059,35310,15584,38068,14634,53768,20029,81988,23352,21388,30441,100511,30054,28839,75049,11449,9888,46220,44062,22106,54137,8318,10122,33863,37152,73881,35658,4229,32557,24390,46619,40436,27162,70812,28373,26496,47680,36916,18030,17733,28142,29676,0,97573,7306,78351,40828,18400,11410,40345,39202,17309,65752,59822,15012,24885,100091,30145,41259,91281,25793,20306,24582,18566,13261,4315,56839,28169,18668,5790,11919,12957,44163,10976,14874,35146,21033,27304,27060,25094,22064,58019,25237,31913,30088,16358,17474,21334,37233,46963,68226
51,71043,112550,126588,162248,4438,94229,135780,98243,72338,114683,97693,134585,82984,149603,117083,18165,75208,118609,127912,19905,103220,75305,168089,99489,105877,54099,139511,117299,146576,89796,89031,103241,134382,171110,120902,101785,114356,111672,144137,79327,124651,168301,124189,123483,141942,60815,84723,81822,122930,126675,97573,0,104516,175904,64951,80151,108827,127044,117511,104577,163130,157345,99714,83736,13464,112347,138723,188022,105064,77271,119415,116042,107622,94592,153725,69664,113885,101085,92191,110118,141114,86599,105212,131409,91137,117712,72707,119011,91797,155588,122671,65780,124157,113528,80099,118886,125452,135378,164058
52,33477,8422,24259,57821,105348,23354,37564,6397,37973,35875,15448,32332,21783,46462,12757,88676,30644,15521,23395,107761,28266,35948,67817,14850,3467,52478,36765,14993,47029,14746,17335,36878,29973,66736,34552,3858,28204,19533,39622,43397,20693,64119,21093,20699,40444,43736,24958,23566,20994,22421,7306,104516,0,71555,46057,25704,6124,38393,34972,14035,59181,53106,18310,31368,107270,30631,34696,85002,23208,27356,20571,11536,11758,9973,49606,35344,11659,4216,18069,5680,38041,18017,15580,27840,22862,25285,34366,18191,27364,51119,18155,38749,23029,10932,24515,14787,31086,40467,60924
53,104913,63379,52655,13791,176540,84733,51686,77922,107880,72884,81441,42477,92919,33300,59367,160231,100970,57384,48295,177701,83674,103203,37649,77571,70612,123847,41664,60583,44209,86294,87051,84435,42459,12865,64782,74130,73067,70323,32197,108766,51259,7934,53907,52700,42524,115245,92458,94918,56076,50202,78351,175904,71555,0,116165,95961,67079,60082,75121,74975,13539,18586,78319,95797,177847,71784,37228,18538,79007,98637,58002,60030,68972,81529,26269,106300,63606,75245,84646,66083,35646,89327,72323,46904,89464,62496,103986,60136,88292,20555,53521,110246,55822,62443,95815,57021,61491,56592,25769
54,20765,54448,64229,102389,67019,48462,71606,39836,8285,71399,34846,78385,29680,86850,57076,47191,28843,61562,68153,74294,38287,37668,103761,48359,46107,12175,76799,55637,82418,32640,36794,64428,73706,109478,74280,44736,49555,47800,83989,16180,66576,109121,62442,66745,78528,17130,38485,23176,60613,65969,40828,64951,46057,116165,0,30996,51752,79728,52564,41574,104510,98163,50570,43530,71621,66973,80289,130686,40473,25380,65406,56986,53782,36708,91881,24282,52559,41930,42329,50897,84016,31538,53830,69638,27225,67268,30751,56537,48863,95625,63059,17943,61402,56776,26994,60707,60998,70704,100993
55,11066,33002,49736,82428,80619,17629,62061,20224,25625,40745,26620,54445,5244,72166,38420,65436,5022,38576,48609,82216,40070,12411,93243,19800,27990,32011,62422,40261,72112,12761,8910,33473,55440,92075,44504,22371,46586,39821,64653,37923,44754,88272,46712,43362,65910,20838,7505,12906,46294,48048,18400,80151,25704,95961,30996,0,29034,50320,52576,31857,83035,77375,20947,13760,81984,36643,58732,107910,37821,5671,39435,36810,27518,16837,75170,10599,36764,23285,12651,31356,60964,8671,25641,53544,26240,38926,8734,42972,17890,75867,43469,16150,48105,33522,5254,39149,53804,63910,86627
56,37905,4195,23283,53464,109477,22622,37578,11927,43764,31154,21451,26744,25848,44045,10725,93374,34056,9985,19678,111210,33561,37911,66238,13697,8182,57602,34849,15183,46179,19657,20183,33810,26643,63083,29029,7202,31965,23199,35621,49517,15825,59485,19808,15124,39053,48281,26752,28912,20590,19675,11410,108827,6124,67079,51752,29034,0,32542,38674,19138,54381,48518,16531,32154,111015,25983,29910,79872,28257,31579,14448,8278,7262,15137,46389,39238,12673,10289,19109,5579,32758,22319,12080,25678,28982,19545,37387,18840,26783,46861,14687,43278,22893,5027,28770,10117,32723,41293,58283
57,61348,32864,45185,49790,126664,33442,58703,42693,72591,13497,53833,23495,50220,54326,36683,114257,54416,27333,34387,124620,65912,51845,76933,31371,40708,82328,49782,42604,62785,47685,43027,25761,38741,62656,6142,37489,62460,54108,39918,80776,28826,52386,42282,24967,54965,71010,43801,56838,44889,37964,40345,127044,38393,60082,79728,50320,32542,0,68744,51519,46851,44220,29442,43350,126042,14702,31688,65634,60463,55274,19245,34025,27249,44645,51919,60427,42128,42183,37825,37036,28471,48206,25991,42935,60871,13157,55570,45852,35331,45572,34167,66457,47063,28973,53105,30454,59015,64306,64651
58,53907,36681,26724,62630,119554,57567,23651,35788,45528,69732,25966,52138,47336,41958,32060,99666,56133,41411,37410,125986,14483,64931,53120,49646,31552,63912,33788,26157,33294,40241,47580,71848,38076,65105,66594,38276,6767,15517,46848,39304,41085,69923,28190,44369,32663,61161,55746,41950,25189,33431,39202,117511,34972,75121,52564,52576,38674,68744,0,21907,67041,60489,53193,63251,123815,64615,48388,92671,14805,50491,49550,34781,45874,37631,48853,57929,26839,33640,51011,33171,54010,44161,50338,32009,28476,56917,60496,23123,61266,56633,35357,57331,23676,40514,48406,38309,13801,20129,53853
59,35650,18858,22659,61275,105982,35710,31577,13881,33346,49891,6889,40885,26751,45369,17797,87609,36002,25622,28037,110358,14425,43917,63780,28072,11018,50676,35282,14540,42233,19124,25904,50530,32664,67908,48168,16802,15331,7994,43010,34339,28402,68215,21067,30178,37379,44671,34136,23550,19060,25163,17309,104577,14035,74975,41574,31857,19138,51519,21907,0,63942,57418,31668,41524,109038,44652,40601,90351,9183,30928,32691,19120,25722,15891,50312,38971,12090,11881,29106,14560,45226,23200,29584,28159,14504,38651,40294,14975,39366,54548,23515,40100,19852,22644,28434,23349,22227,32461,59664
60,92287,50859,42434,6233,163654,71328,44652,65578,96245,59471,70121,29081,80208,27375,47438,147741,88023,44524,36358,164491,73929,89912,40134,64343,58542,111650,33334,49404,39560,73845,74130,70935,31335,17809,51375,61522,64043,60139,21066,98165,38593,5621,43078,39673,35644,102660,79265,82710,45568,38799,65752,163130,59181,13539,104510,83035,54381,46851,67041,63942,0,6640,64963,82404,164760,58268,24503,26425,68921,85950,44628,47759,55817,69129,20086,93467,52164,63031,71486,53870,22286,76699,58999,36554,78288,48960,90913,49501,74840,10451,41469,97657,45729,49608,83149,44458,53240,50293,26379
61,86386,44866,35800,5650,157961,66390,38347,59492,89888,56202,63662,24269,74365,21687,41137,141764,82384,38798,30036,159152,67291,84716,37402,59058,52315,105512,26867,42890,33968,67824,68465,67226,24770,18459,48189,55597,57417,53514,14460,91595,32694,11015,36496,34131,29466,96734,73917,76565,38955,32313,59822,157345,53106,18586,98163,77375,48518,44220,60489,57418,6640,0,59916,77423,159266,54501,18643,33018,62294,80091,39667,41615,50429,63076,14721,87725,45714,56875,66096,47704,17459,70794,53893,29920,71803,44724,85407,42904,70037,4297,35208,91732,39093,43860,77273,38488,46694,44109,23604
62,31928,20412,39702,65320,99788,6627,54101,18413,43823,21333,30596,35882,20905,59291,27128,85838,25292,22646,34300,99656,45009,25019,82019,3608,21775,52916,50669,31663,62479,19880,13785,18914,41338,76278,23769,14928,46437,37826,48866,53523,28918,70437,36187,26242,55147,41753,15028,28206,37114,35296,15012,99714,18310,78319,50570,20947,16531,29442,53193,31668,64963,59916,0,17515,100217,16536,41684,88687,40539,25834,20336,24389,10473,18497,60617,31283,28901,19807,8383,21709,42688,19359,6053,41514,35516,18147,27083,35274,10664,59150,30007,37097,39423,18552,23720,24619,48936,57779,73091
63,22767,36334,55187,82835,83480,11082,68913,27957,39023,31569,37654,53329,18025,76068,42794,71082,14687,39830,51248,82501,51997,8516,98392,18910,34516,41998,67003,46259,78120,23357,15671,21803,58315,93733,37218,27514,56826,49071,66258,51652,46180,87901,51802,43698,71164,30074,7650,26488,52158,51761,24885,83736,31368,95797,43530,13760,32154,43350,63251,41524,82404,77423,17515,0,83358,28692,59187,105720,48913,19141,37794,40426,27555,25646,77833,19817,43014,30663,13314,36315,60152,19914,23560,57827,39014,34444,13620,49554,8067,76656,46609,26528,54296,35325,18979,41445,62113,71759,90120
64,74093,114941,130329,164384,9028,94270,140576,101209,78287,113154,102243,135831,85488,153273,120008,28136,76962,120498,130514,6550,109356,75252,172819,100477,109011,59916,143267,120877,151271,92798,90870,101247,137234,173972,119926,104216,120070,116508,146623,86955,126724,170092,127677,125150,146101,64411,85540,85672,126709,129673,100091,13464,107270,177847,71621,81984,111015,126042,123815,109038,164760,159266,100217,83358,0,111392,140640,188904,110589,79954,120387,118653,108944,97559,156861,71929,117392,104174,93282,112944,142526,89261,105999,134793,96388,117788,73862,122933,91375,157846,125325,69153,128139,115472,82788,121131,130613,140733,167793
65,47704,28130,45203,60148,111962,19224,59795,33152,60347,5248,45238,30831,37299,59914,33931,99706,40397,25628,36254,110059,58868,37202,83121,19360,33705,68560,53211,39710,66104,36224,30272,12724,42377,72444,8560,28456,57932,49174,46814,69896,30060,63889,41792,26140,58264,57007,29719,44741,43741,38851,30145,112347,30631,71784,66973,36643,25983,14702,64615,44652,58268,54501,16536,28692,111392,0,38566,79192,53834,41907,18429,30897,18957,34167,59201,46373,38057,33583,24644,31444,37282,35896,15397,44840,51172,10586,41211,43366,20721,54925,33885,52627,46119,24522,40007,28748,57398,64626,72150
66,67808,26357,21698,23788,139321,48248,30725,41094,72057,41323,46353,8218,55756,22658,23316,123243,63742,20156,12569,140578,52182,66269,45337,40598,34198,87174,19708,26255,32068,49342,49823,51093,10473,34702,33903,37029,43868,38164,8357,74923,14096,29578,20957,15579,24629,78173,55381,58248,23879,15876,41259,138723,34696,37228,80289,58732,29910,31688,48388,40601,24503,18643,41684,59187,140640,38566,0,50406,46798,61489,21807,23346,31917,44632,20701,69088,28541,38594,47546,29461,5731,52216,35632,16517,54591,28128,66790,27277,52041,17469,17322,73170,24884,25217,58680,19955,35385,36874,33647
67,117631,76598,68787,30059,188315,94700,69553,91389,122443,79101,96472,53477,105488,51312,73636,173119,112822,69895,62619,188220,100239,113667,55394,88592,84605,137435,58911,75811,62599,99503,99080,91276,57761,31153,71217,87071,90104,86519,47477,124590,64308,22766,69502,64830,60369,128024,103479,108567,71972,65194,91281,188022,85002,18538,130686,107910,79872,65634,92671,90351,26425,33018,88687,105720,188904,79192,50406,0,95295,111234,68637,73746,80405,94864,44052,118466,78519,88967,95872,79859,47126,102120,82957,62913,104661,71344,115391,75920,97834,36356,67642,123033,72065,74950,108479,70214,78911,74713,44218
68,39292,27630,26510,65587,106828,44150,31221,22309,32738,59073,11302,48229,32578,47512,25391,87553,41328,34003,34375,112427,5604,50204,63289,36931,20188,51008,37791,20748,42004,25668,33278,59448,37738,70737,57271,25819,9560,8783,47863,29983,35906,72746,26053,38199,38692,47040,41324,27229,23386,30932,25793,105064,23208,79007,40473,37821,28257,60463,14805,9183,68921,62294,40539,48913,110589,53834,46798,95295,0,35697,41449,27267,34905,23541,53356,43215,19410,20759,37206,23427,51859,29498,38725,32381,14267,47706,45691,19603,47606,59017,30537,42970,23252,31498,33601,31424,20528,30315,61169
69,6423,35281,50609,84977,78015,23111,62062,21257,19987,46156,24926,57793,5748,73420,40065,61886,5977,41444,50713,80618,37232,16058,93788,24209,29078,27219,63489,41104,72415,12887,12566,39137,57327,94092,49571,24513,44883,38901,66914,32552,47401,91064,47816,46426,66632,16798,13172,8891,47046,49726,20306,77271,27356,98637,25380,5671,31579,55274,50491,30928,85950,80091,25834,19141,79954,41907,61489,111234,35697,0,43216,38830,31206,17613,76911,8192,37596,24240,17451,33016,64130,9348,29998,54873,22902,43470,10212,43451,23553,78325,45488,11830,48659,36361,2841,41617,53151,63372,87937
70,49634,13842,27297,45136,119677,26735,41669,26001,57622,22528,35808,15546,37555,41811,17513,104857,44274,8205,17830,119945,46967,45317,65020,19956,22266,70186,34788,23472,47676,32795,30755,30147,24035,56501,17397,20828,43223,34870,29574,63946,11637,50110,24052,7721,39834,59955,34866,42266,26361,20588,24582,119415,20571,58002,65406,39435,14448,19245,49550,32691,44628,39667,20336,37794,120387,18429,21807,68637,41449,43216,0,14788,12010,28774,41804,50032,22883,24705,27235,18131,22359,34576,14405,26456,43430,8203,46753,26847,30378,39144,15904,55031,28661,10074,40588,11416,40429,46777,54650
71,44998,4091,15365,46288,116844,30702,29950,17891,48780,35745,23763,22055,33195,35793,3043,100202,41812,6809,11882,119018,32862,46129,57973,21824,10879,63904,26577,8889,38093,26282,28096,40413,18629,55318,31878,14451,28435,20160,28095,52606,9701,52631,11831,11057,30846,55272,34970,34958,13134,11422,18566,116042,11536,60030,56986,36810,8278,34025,34781,19120,47759,41615,24389,40426,118653,30897,23346,73746,27267,38830,14788,0,14196,21504,38369,46735,8141,15272,27377,6116,27121,29482,19226,17402,31949,22246,45323,12487,34862,39582,6671,50283,15520,6493,35990,4229,26500,34162,50084
72,37624,10440,29559,55695,107982,17040,44129,15443,46185,24183,26884,26975,25550,48825,17088,92894,32417,12279,23846,108728,40020,34359,71552,8711,14749,58206,40221,22170,52170,21158,18766,26616,30897,66250,22967,10253,39144,30370,38731,53581,18625,61171,26023,16337,44755,47951,23488,30606,27218,24849,13261,107622,11758,68972,53782,27518,7262,27249,45874,25722,55817,50429,10473,27555,108944,18957,31917,80405,34905,31206,12010,14196,0,17575,50294,38100,19879,15121,15676,12841,33596,22640,5037,31083,33643,14119,35115,25867,21131,49350,19548,43022,29581,8100,28582,14146,39858,48157,62680
73,23585,18284,33102,67793,95476,20886,45227,3659,28850,39282,12615,41880,12283,55824,22515,78702,21523,25085,33338,98215,27285,28342,76497,15076,11466,42572,45929,23592,55295,4796,10013,37056,39810,76572,39900,8030,31180,23588,49568,36152,30581,74088,30231,30250,49218,33789,18251,13775,29591,32156,4315,94592,9973,81529,36708,16837,15137,44645,37631,15891,69129,63076,18497,25646,97559,34167,44632,94864,23541,17613,28774,21504,17575,0,59324,25736,20080,6633,13711,15526,47810,8437,19037,37262,17067,31617,25557,26165,24134,61085,28093,28812,31327,20161,14790,24685,37204,47212,70337
74,82885,42272,27653,14488,154742,67244,25510,55667,83636,62024,57055,28793,71386,7378,36855,137319,80162,38015,26733,157350,57778,84209,25208,58927,47910,100492,15603,36538,19474,64104,66461,71629,19754,17597,54541,52799,46927,44846,12387,83309,31700,21564,29633,34624,16324,92948,73075,71935,31270,27189,56839,153725,49606,26269,91881,75170,46389,51919,48853,50312,20086,14721,60617,77833,156861,59201,20701,44052,53356,76911,41804,38369,50294,59324,0,84947,39884,52736,65312,43926,23526,67600,54640,22380,64765,48690,83691,35344,71234,10482,31739,88025,30569,42576,74074,36508,35235,30725,12952
75,4621,43075,58785,92702,70241,27148,70223,29359,21474,50103,32769,64991,13561,81560,48091,54837,6012,48953,58607,72481,44236,13387,101980,30360,37200,22386,71651,49277,80600,21053,19389,41462,65305,102049,54495,32318,52564,46912,74762,35209,55044,98659,55964,53820,74822,10637,16661,15986,55229,57758,28169,69664,35344,106300,24282,10599,39238,60427,57929,38971,93467,87725,31283,19817,71929,46373,69088,118466,43215,8192,50032,46735,38100,25736,84947,0,45766,32369,23135,41021,71468,17357,36196,62990,29749,49379,6484,51644,26352,86091,53406,6713,56851,43876,10962,49340,61197,71433,96073
76,43299,9933,13024,49832,114983,34562,25905,16553,44274,43083,17957,28969,32364,35880,5980,97440,41563,14945,15999,118202,25012,47500,56480,25738,8804,60653,25899,3512,35469,24713,28790,46478,21147,57388,39759,15503,20375,12019,31441,46382,16545,56619,10310,18822,29154,53184,36584,32066,9530,13422,18668,113885,11659,63606,52559,36764,12673,42128,26839,12090,52164,45714,28901,43014,117392,38057,28541,78519,19410,37596,22883,8141,19879,20080,39884,45766,0,13493,29704,7204,33139,28518,24753,17526,26146,30079,45495,6545,38664,43070,11439,48312,11420,13694,34804,12123,20075,28992,50400
77,30149,12520,26501,61479,102023,23935,38947,3061,33812,38827,11765,36489,18896,49190,16004,85033,28070,19703,26964,104848,25443,34329,69962,16205,4838,48637,39303,17000,48849,11376,15612,38701,33297,70034,38088,5145,26943,18646,43175,39241,24692,67891,23600,24872,42647,40270,23703,19690,23020,25598,5790,101085,4216,75245,41930,23285,10289,42183,33640,11881,63031,56875,19807,30663,104174,33583,38594,88967,20759,24240,24705,15272,15121,6633,52736,32369,13493,0,17688,9171,42103,15052,18231,30632,18800,29031,32019,19711,27708,54746,21726,35318,24822,15148,21421,18799,31477,41274,63704
78,23564,23304,41921,71335,92443,7455,55600,15242,35816,29167,26313,42567,12656,63153,29614,77899,17212,27595,38590,93056,40980,18902,85249,7301,21272,44551,53902,32946,64841,13284,5816,24274,45627,81663,32131,14211,44415,36309,54107,46232,33951,76848,38565,31976,57959,33489,7840,20458,38854,38785,11919,92191,18069,84646,42329,12651,19109,37825,51011,29106,71486,66096,8383,13314,93282,24644,47546,95872,37206,17451,27235,27377,15676,13711,65312,23135,29704,17688,0,23023,49243,11678,13092,44753,29673,26276,19520,36246,10423,64937,33749,28772,40984,22775,15387,28804,48966,58510,77360
79,39096,4324,18913,52323,110983,27472,32723,11880,42707,36575,18212,27833,27460,40830,7078,94171,36309,11450,17825,113441,28889,41342,62385,18597,4836,57807,31206,10059,41819,20321,22875,39359,24313,61079,33986,9128,26493,17753,34052,46967,15697,58719,15621,16418,35030,49314,30258,28861,15849,16741,12957,110118,5680,66083,50897,31356,5579,37036,33171,14560,53870,47704,21709,36315,112944,31444,29461,79859,23427,33016,18131,6116,12841,15526,43926,41021,7204,9171,23023,0,33148,23684,17617,22214,26263,24349,39992,13590,31599,45598,12580,44339,18031,8090,30175,9896,27277,36108,55274
80,70519,29618,27290,23046,141547,49086,36355,44392,75849,39386,50662,6837,58382,26817,27581,126014,65924,22775,17485,142212,57314,67626,48684,42072,37972,90354,25119,31154,37079,52408,52085,49992,16199,35162,31569,39961,49348,43331,12111,79418,17450,27750,26311,17707,29883,80912,57003,61559,29283,21110,44163,141114,38041,35646,84016,60964,32758,28471,54010,45226,22286,17459,42688,60152,142526,37282,5731,47126,51859,64130,22359,27121,33596,47810,23526,71468,33139,42103,49243,33148,0,54994,36714,22226,58901,27307,68711,32497,52663,17655,21715,75917,30422,27823,61365,23309,41094,42519,36182
81,15593,25953,41540,75651,87363,18905,53517,12019,24495,40627,18210,48763,3846,64227,30746,71057,13137,32247,41364,89831,32187,20806,84918,16865,19867,35632,54355,32030,63675,4090,5874,35799,47991,84752,42845,15197,38049,31155,57567,34557,38120,81779,38649,37290,57653,25961,12283,8854,38027,40411,10976,86599,18017,89327,31538,8671,22319,48206,44161,23200,76699,70794,19359,19914,89261,35896,52216,102120,29498,9348,34576,29482,22640,8437,67600,17357,28518,15052,11678,23684,54994,0,22295,45642,19178,35762,17273,34569,20948,68989,36140,20958,39745,27176,6508,32307,45140,55260,78734
82,36315,15470,34585,59282,105390,12652,49166,17772,46604,20625,29843,29930,24613,53485,22126,90989,30300,16756,28481,105539,43622,30918,76338,5841,18867,57217,45073,27156,57138,21721,17459,21742,35482,70228,20929,13089,43579,34822,42834,55117,22958,64453,31047,20198,49674,46437,20526,30852,32255,29720,14874,105212,15580,72323,53830,25641,12080,25991,50338,29584,58999,53893,6053,23560,105999,15397,35632,82957,38725,29998,14405,19226,5037,19037,54640,36196,24753,18231,13092,17617,36714,22295,0,35971,35893,13515,32504,30845,16594,53099,24403,41629,34616,13023,27594,18940,44792,53181,67173
83,60718,21493,5880,33308,132488,47962,15779,33630,61371,48956,34792,21716,49469,18622,15226,114942,58471,19689,8718,135471,37384,63411,40584,39152,25795,78112,9182,14157,21390,42001,45081,55958,6080,39934,43070,31318,27951,23608,15533,61899,14845,40404,7253,18863,13729,70683,52268,49593,9172,6258,35146,131409,27840,46904,69638,53544,25678,42935,32009,28159,36554,29920,41514,57827,134793,44840,16517,62913,32381,54873,26456,17402,31083,37262,22380,62990,17526,30632,44753,22214,22226,45642,35971,0,42663,34606,62201,13238,52107,26670,11576,65790,9186,22984,52052,17065,18868,21558,33101
84,25548,30407,37125,75747,92785,37124,44675,18245,19107,56318,8243,53995,21208,59629,31340,73830,28828,37679,42114,98169,14488,38507,76966,32138,21529,37038,49590,28928,55487,16424,24431,53774,47093,82354,56509,23390,23821,20652,57438,20704,41622,82649,35561,42681,51328,32806,31431,14027,33549,39493,21033,91137,22862,89464,27225,26240,28982,60871,28476,14504,78288,71803,35516,39014,96388,51172,54591,104661,14267,22902,43430,31949,33643,17067,64765,29749,26146,18800,29673,26263,58901,19178,35893,42663,0,47716,33114,29462,39769,69009,37294,28859,34224,33612,21338,36051,34334,44369,73775
85,49744,20372,35477,50339,117675,23550,49872,29557,59908,14349,40705,20642,38127,49329,25156,103984,43408,16120,25933,116923,53076,42590,72535,19260,27727,70688,42771,31113,55730,34882,30960,22965,31860,62357,9686,24340,50426,41851,36312,67694,19762,54562,32195,15764,47864,59765,33153,44190,34417,28787,27304,117712,25285,62496,67268,38926,19545,13157,56917,38651,48960,44724,18147,34444,117788,10586,28128,71344,47706,43470,8203,22246,14119,31617,48690,49379,30079,29031,26276,24349,27307,35762,13515,34606,47716,0,45200,34621,26499,44833,24080,55017,36745,16472,41101,19349,48405,54962,61630
86,10416,41440,58458,90556,72923,22131,70767,28959,27521,44628,34697,62068,13561,80821,47036,58831,4363,46671,57045,73852,47415,6963,101975,26801,36716,28378,71116,48990,80844,21342,17230,35410,63940,100469,49534,30939,54720,48284,72975,41047,52941,96230,55413,51288,74638,16453,12054,19101,55025,56632,27060,72707,34366,103986,30751,8734,37387,55570,60496,40294,90913,85407,27083,13620,73862,41211,66790,115391,45691,10212,46753,45323,35115,25557,83691,6484,45495,32019,19520,39992,68711,17273,32504,62201,33114,45200,0,51704,20719,84061,51955,13126,56839,41676,12090,47463,62373,72518,95261
87,48925,15512,7696,46506,120255,41049,19379,22761,48293,48233,21722,29559,38405,30613,9488,102275,47687,18642,15082,123922,24915,53930,50358,32188,15206,65361,20510,3705,29141,30646,35198,52459,18197,52941,44175,22041,17393,10893,28443,48723,17998,53547,6459,21253,23205,58561,43072,37306,4087,11409,25094,119011,18191,60136,56537,42972,18840,45852,23123,14975,49501,42904,35274,49554,122933,43366,27277,75920,19603,43451,26847,12487,25867,26165,35344,51644,6545,19711,36246,13590,32497,34569,30845,13238,29462,34621,51704,0,45164,39826,12267,53779,5215,18862,40706,15441,14070,22517,45046
88,28464,30821,50066,75514,91547,4162,64280,25488,43380,23912,36735,45825,20511,69955,37496,78985,20592,33300,44965,90427,51399,16518,92648,13087,30760,48738,61276,41657,72937,23357,15348,15584,52002,86715,29210,23592,54616,46337,59397,55004,39546,80375,46580,36745,65692,36931,10385,29095,47315,45910,22064,91797,27364,88292,48863,17890,26783,35331,61266,39366,74840,70037,10664,8067,91375,20721,52041,97834,47606,23553,30378,34862,21131,24134,71234,26352,38664,27708,10423,31599,52663,20948,16594,52107,39769,26499,20719,45164,0,69471,40637,32906,49572,29187,22461,35273,58444,67657,83743
89,84553,43045,32515,6765,156315,65705,34222,57462,87341,57000,60943,24191,72633,17389,38829,139769,80888,37399,27781,157901,63900,83709,33977,58045,50085,103316,22891,40092,29670,65865,66975,67624,21936,17528,49110,53815,53784,50260,11642,88546,31125,13734,33503,33021,25267,94849,72777,74400,35809,29656,58019,155588,51119,20555,95625,75867,46861,45572,56633,54548,10451,4297,59150,76656,157846,54925,17469,36356,59017,78325,39144,39582,49350,61085,10482,86091,43070,54746,64937,45598,17655,68989,53099,26670,69009,44833,84061,39826,69471,0,33020,89857,35766,42387,75492,36751,42831,39920,20352
90,51632,10537,11397,39752,123496,36509,25909,24456,54806,38308,29051,17698,39862,29459,5998,106750,48475,8307,5245,125682,36095,52591,52013,27787,17109,70333,20676,9878,32879,32883,34725,44570,11985,48646,33202,21120,29633,22387,21475,57725,5732,46215,8184,9222,25300,61881,41435,41397,10725,5319,25237,122671,18155,53521,63059,43469,14687,34167,35357,23515,41469,35208,30007,46609,125325,33885,17322,67642,30537,45488,15904,6671,19548,28093,31739,53406,11439,21726,33749,12580,21715,36140,24403,11576,37294,24080,51955,12267,40637,33020,0,56899,12909,11454,42647,5492,24847,30882,43611
91,5408,46869,61197,96543,66716,33440,71671,32463,16528,56514,33453,69610,17557,84177,51308,50104,12331,53194,62142,70276,43133,19890,103791,35800,40126,15933,74142,51777,82273,24017,24311,48128,68607,105353,60608,36142,52507,47806,78371,30371,59073,102724,58618,58209,76953,5003,22950,16572,57568,60917,31913,65780,38749,110246,17943,16150,43278,66457,57331,40100,97657,91732,37097,26528,69153,52627,73170,123033,42970,11830,55031,50283,43022,28812,88025,6713,48312,35318,28772,44339,75917,20958,41629,65790,28859,55017,13126,53779,32906,89857,56899,0,58986,48117,14554,53244,62086,72316,98688
92,54140,19149,3320,42341,125427,45426,14707,27881,53191,50777,26692,28537,43585,25537,12523,107358,52850,20644,13839,129138,28201,58919,45173,36507,20214,70430,15437,8043,24052,35840,40209,55934,14912,48141,46038,26841,19005,14511,24719,52953,18334,49494,4816,22097,17989,63758,47983,42497,2391,9839,30088,124157,23029,55822,61402,48105,22893,47063,23676,19852,45729,39093,39423,54296,128139,46119,24884,72065,23252,48659,28661,15520,29581,31327,30569,56851,11420,24822,40984,18031,30422,39745,34616,9186,34224,36745,56839,5215,49572,35766,12909,58986,0,22002,45909,17437,11973,18642,39913
93,42727,3910,21672,48914,114104,25067,36334,16943,48773,29461,25832,21730,30615,40815,9528,98221,38536,5084,15923,115525,36976,41675,63467,16428,12238,62578,32123,15191,44116,24645,24615,33939,22989,58915,26156,12189,33975,25379,31366,54246,11265,54782,18137,10137,36664,53117,30585,33933,19612,16750,16358,113528,10932,62443,56776,33522,5027,28973,40514,22644,49608,43860,18552,35325,115472,24522,25217,74950,31498,36361,10074,6493,8100,20161,42576,43876,13694,15148,22775,8090,27823,27176,13023,22984,33612,16472,41676,18862,29187,42387,11454,48117,22002,0,33576,6123,32922,40644,54795
94,9153,32451,47823,82149,80854,21563,59408,18428,20947,44406,22636,55059,3032,70608,37226,64650,7727,38656,47873,83428,35448,17178,91057,21864,26256,29679,60690,38314,69715,10091,10142,37987,54486,91251,47490,21686,42652,36424,64075,32813,44588,88251,45008,43657,63870,19546,12251,7690,44270,46888,17474,80099,24515,95815,26994,5254,28770,53105,48406,28434,83149,77273,23720,18979,82788,40007,58680,108479,33601,2841,40588,35990,28582,14790,74074,10962,34804,21421,15387,30175,61365,6508,27594,52052,21338,41101,12090,40706,22461,75492,42647,14554,45909,33576,0,38794,50627,60830,85124
95,47898,6402,16485,43371,119570,31167,31149,21176,52548,33344,27900,17957,35904,34699,6301,103297,44172,3232,9809,121305,37025,47704,57416,22552,14732,67248,26134,12154,38366,29387,30286,39151,16873,53014,28791,17110,32133,24083,25516,56734,5906,49480,13045,6829,30791,58247,36581,38353,15087,10807,21334,118886,14787,57021,60707,39149,10117,30454,38309,23349,44458,38488,24619,41445,121131,28748,19955,70214,31424,41617,11416,4229,14146,24685,36508,49340,12123,18799,28804,9896,23309,32307,18940,17065,36051,19349,47463,15441,35273,36751,5492,53244,17437,6123,38794,0,29061,35877,48675
96,57806,29566,14334,48858,127119,54404,10870,34313,53197,62214,28641,40053,48812,28551,23467,108032,58126,32294,25557,132187,23680,65545,42763,45692,27736,71355,20004,17768,21533,41052,46986,66473,24926,51882,57827,34897,12151,14309,33181,49839,30307,56152,16785,34057,19292,66500,55157,45640,14131,21599,37233,125452,31086,61491,60998,53804,32723,59015,13801,22227,53240,46694,48936,62113,130613,57398,35385,78911,20528,53151,40429,26500,39858,37204,35235,61197,20075,31477,48966,27277,41094,45140,44792,18868,34334,48405,62373,14070,58444,42831,24847,62086,11973,32922,50627,29061,0,10246,41302
97,68052,37716,19485,45128,137120,63553,6177,44191,63051,69165,38881,43117,58964,23405,31155,117846,68293,39019,29922,142370,32745,75519,33320,54704,37245,81311,17938,26118,13250,51179,56868,74575,26809,45736,63965,44321,21197,24555,32396,58750,35636,52283,22836,39640,14653,76705,64973,55884,21032,26417,46963,135378,40467,56592,70704,63910,41293,64306,20129,32461,50293,44109,57779,71759,140733,64626,36874,74713,30315,63372,46777,34162,48157,47212,30725,71433,28992,41274,58510,36108,42519,55260,53181,21558,44369,54962,72518,22517,67657,39920,30882,72316,18642,40644,60830,35877,10246,0,33939
98,93699,54104,37503,20199,165281,79703,30488,66717,92867,74964,66544,41702,82565,14520,48225,147257,91566,50444,38872,168552,64907,96194,13843,71219,58873,110324,24559,46917,20704,75052,78089,84557,31806,13112,67439,64332,53452,53230,25339,90997,44224,24938,40126,47346,22504,103527,85035,82308,41149,38678,68226,164058,60924,25769,100993,86627,58283,64651,53853,59664,26379,23604,73091,90120,167793,72150,33647,44218,61169,87937,54650,50084,62680,70337,12952,96073,50400,63704,77360,55274,36182,78734,67173,33101,73775,61630,95261,45046,83743,20352,43611,98688,39913,54795,85124,48675,41302,33939,0
