0.0,0.002856982039961653,0.002696459337306112,0.004235899576872981,0.0054132445581303035,0.004844402807046899,0.0038159622710756125,0.004782908611888681,0.004246814460689863,0.0040477100460653,0.00470728564619971,0.007029173803843158,0.006406031530704737,0.0036048710020795127,0.004486063977075627,0.004933368494612123,0.0034330499265299297,0.005549262669832911,0.00441377609602045,0.004239417663511547
0.002856982039961653,0.0,0.0026977967233926536,0.004983345909826298,0.005673324109457978,0.005804091617115925,0.004156019612941875,0.0057118751384419575,0.004512615176439527,0.00469680474950418,0.005765363469791951,0.007603497069976872,0.006511550285198342,0.004715571575402366,0.0050175770583755774,0.005575429863519332,0.004565673038684159,0.00591309101590809,0.0045867666177142885,0.005434296960611706
0.002696459337306112,0.0026977967233926536,0.0,0.0038159266010000525,0.004860671102744907,0.004345860478634833,0.0030949214068789477,0.0035919205213678085,0.0034793639465173776,0.003559713609187498,0.004341600997260664,0.006282163724002254,0.004914222695323378,0.003105835450036065,0.004111812084535926,0.003971661808135796,0.00392139999269514,0.004429130635467682,0.0032902549973493622,0.003972456060344243
0.004235899576872981,0.004983345909826298,0.0038159266010000525,0.0,0.004749349119662072,0.0034728193037113497,0.0031989575085301647,0.0038131343681119256,0.0035634349461475257,0.003517986644132609,0.003821107449761052,0.005893869447737732,0.004745319089950462,0.003445535224326335,0.0037211924393977247,0.003467232416792032,0.0036672879634087607,0.004796321606447274,0.0035744790156038153,0.004318394349372201
0.0054132445581303035,0.005673324109457867,0.004860671102744907,0.004749349119662072,0.0,0.005114226075712325,0.004780968963314813,0.005115312829656826,0.0048618299896285855,0.004294975242506771,0.004084215204567365,0.006397342959219454,0.006203289908467302,0.004699968082832462,0.005163890866455523,0.005080149845054671,0.0043366512705398375,0.006041435351229141,0.005012368448333415,0.004738548069093351
0.004844402807046899,0.005804091617115925,0.004345860478634833,0.0034728193037113497,0.005114226075712325,0.0,0.004062050690982533,0.003950899945120212,0.0038493709228677453,0.0035177257268739215,0.004889567861468769,0.006606031132693979,0.005571940347896431,0.004211732607758978,0.005691666450101551,0.004510720650567901,0.004257462994238348,0.005154158063612635,0.004471301837138064,0.004646949718923876
0.0038159622710756125,0.004156019612941875,0.0030949214068789477,0.0031989575085301647,0.004780968963314813,0.004062050690982533,0.0,0.0037626830850066018,0.002746945200161721,0.0032038434638612667,0.0035399502865801624,0.005683592377717317,0.005357043723998589,0.003205393731840256,0.0034252742552814963,0.0031711585771800888,0.0029058912151517236,0.003636812104971354,0.0031540785711937636,0.003494592031368704
0.004782908611888681,0.0057118751384419575,0.0035919205213678085,0.0038131343681119256,0.005115312829656826,0.003950899945120212,0.0037626830850066018,0.0,0.0032483282988027273,0.0027911483578227925,0.003934697091433459,0.006189972874971472,0.004435462718419769,0.0030350816779521894,0.004401559042183867,0.002716459117851233,0.0038117050999175728,0.0033212775124848992,0.0028995128400922665,0.0031073549720117555
0.004246814460689863,0.004512615176439527,0.0034793639465173776,0.0035634349461475257,0.0048618299896285855,0.0038493709228677453,0.002746945200161721,0.0032483282988027273,0.0,0.003181909002781369,0.0039027740402585165,0.006044254557977857,0.00573545670730935,0.002948934611169074,0.0041162707200795845,0.0032331417942601526,0.00337541426001442,0.004220662348024762,0.0030384732295570815,0.003252780812617706
0.0040477100460653,0.00469680474950418,0.003559713609187498,0.003517986644132609,0.004294975242506771,0.0035177257268739215,0.0032038434638612667,0.0027911483578227925,0.003181909002781369,0.0,0.0036542973030654347,0.006397462568104362,0.004947486193687345,0.00287779266081567,0.004007234977090657,0.0029721640785244086,0.003382742302574404,0.004183386865587058,0.0037113012588976257,0.0035152477807287585
0.00470728564619971,0.005765363469791951,0.004341600997260664,0.003821107449761052,0.004084215204567365,0.004889567861468769,0.0035399502865801624,0.003934697091433348,0.0039027740402585165,0.0036542973030654347,0.0,0.006250710732456866,0.005907495870580481,0.0041004476176162985,0.004282297708259719,0.003923937224922458,0.0042518388487451375,0.005275286924431244,0.00419996794501265,0.004227876882571646
0.007029173803843158,0.007603497069976872,0.006282163724002254,0.005893869447737732,0.006397342959219454,0.006606031132693979,0.005683592377717317,0.006189972874971472,0.006044254557977857,0.006397462568104362,0.006250710732456866,0.0,0.007584421446174661,0.005774352720404385,0.006869178140257337,0.006035301572233309,0.006347946736571908,0.008213016917831495,0.006839680911308155,0.0063495003127871374
0.006406031530704737,0.006511550285198453,0.004914222695323378,0.004745319089950462,0.006203289908467302,0.005571940347896431,0.005357043723998589,0.004435462718419769,0.005735456707309461,0.004947486193687345,0.0059074958705805924,0.007584421446174661,0.0,0.005083341190107116,0.006025789477546617,0.005188508185485219,0.005491824937264078,0.004796560749260603,0.005265390553147231,0.005204823684760274
0.0036048710020795127,0.004715571575402366,0.003105835450036065,0.003445535224326335,0.004699968082832462,0.004211732607758978,0.003205393731840367,0.0030350816779521894,0.002948934611169074,0.00287779266081567,0.0041004476176162985,0.005774352720404385,0.005083341190107116,0.0,0.003937050033713252,0.003120694787415834,0.0027665511220249517,0.004057785621585319,0.0032119363648119847,0.002742462577716598
0.004486063977075627,0.0050175770583755774,0.004111812084535926,0.0037211924393977247,0.005163890866455523,0.005691666450101551,0.0034252742552814963,0.004401559042183867,0.0041162707200795845,0.004007234977090657,0.004282297708259719,0.006869178140257337,0.006025789477546617,0.003937050033713252,0.0,0.004474168417648028,0.00426717854188452,0.005780860106427532,0.004033058703581394,0.0036910100845332083
0.004933368494612123,0.005575429863519332,0.003971661808135796,0.003467232416792032,0.005080149845054671,0.004510720650567901,0.0031711585771800888,0.002716459117851344,0.0032331417942601526,0.0029721640785244086,0.003923937224922458,0.006035301572233309,0.005188508185485219,0.003120694787415834,0.004474168417648028,0.0,0.0031248931746779007,0.004215150810212953,0.0034654423073841034,0.0036036752151011875
0.0034330499265299297,0.004565673038684048,0.00392139999269514,0.0036672879634087607,0.0043366512705400595,0.004257462994238348,0.0029058912151516125,0.0038117050999175728,0.00337541426001442,0.003382742302574404,0.0042518388487451375,0.006347946736571908,0.005491824937264078,0.0027665511220249517,0.00426717854188452,0.0031248931746779007,0.0,0.004504338761982196,0.003177624741750429,0.003328708788594592
0.005549262669832911,0.00591309101590809,0.004429130635467682,0.004796321606447274,0.006041435351229141,0.005154158063612635,0.003636812104971354,0.0033212775124848992,0.004220662348024762,0.004183386865587058,0.005275286924431244,0.008213016917831495,0.004796560749260603,0.004057785621585319,0.005780860106427532,0.004215150810212953,0.004504338761982196,0.0,0.003718252170345271,0.00461525146514874
0.00441377609602045,0.0045867666177142885,0.0032902549973493622,0.0035744790156038153,0.005012368448333415,0.004471301837138064,0.0031540785711937636,0.0028995128400922665,0.0030384732295570815,0.0037113012588976257,0.00419996794501265,0.006839680911308155,0.005265390553147231,0.0032119363648119847,0.004033058703581394,0.0034654423073841034,0.003177624741750429,0.00371825217034516,0.0,0.0032252205578267024
0.004239417663511658,0.005434296960611706,0.003972456060344243,0.004318394349372201,0.004738548069093462,0.004646949718923876,0.003494592031368704,0.0031073549720117555,0.003252780812617706,0.0035152477807287585,0.004227876882571646,0.0063495003127871374,0.005204823684760274,0.002742462577716598,0.0036910100845332083,0.0036036752151011875,0.003328708788594814,0.00461525146514874,0.0032252205578267024,0.0
